epoch;lr;iou;obj;cls;total;map05;person_ap05;bicycle_ap05;car_ap05;motorcycle_ap05;airplane_ap05;bus_ap05;train_ap05;truck_ap05;boat_ap05;traffic light_ap05;fire hydrant_ap05;stop sign_ap05;parking meter_ap05;bench_ap05;bird_ap05;cat_ap05;dog_ap05;horse_ap05;sheep_ap05;cow_ap05;elephant_ap05;bear_ap05;zebra_ap05;giraffe_ap05;backpack_ap05;umbrella_ap05;handbag_ap05;tie_ap05;suitcase_ap05;frisbee_ap05;skis_ap05;snowboard_ap05;sports ball_ap05;kite_ap05;baseball bat_ap05;baseball glove_ap05;skateboard_ap05;surfboard_ap05;tennis racket_ap05;bottle_ap05;wine glass_ap05;cup_ap05;fork_ap05;knife_ap05;spoon_ap05;bowl_ap05;banana_ap05;apple_ap05;sandwich_ap05;orange_ap05;broccoli_ap05;carrot_ap05;hot dog_ap05;pizza_ap05;donut_ap05;cake_ap05;chair_ap05;couch_ap05;potted plant_ap05;bed_ap05;dining table_ap05;toilet_ap05;tv_ap05;laptop_ap05;mouse_ap05;remote_ap05;keyboard_ap05;cell phone_ap05;microwave_ap05;oven_ap05;toaster_ap05;sink_ap05;refrigerator_ap05;book_ap05;clock_ap05;vase_ap05;scissors_ap05;teddy bear_ap05;hair drier_ap05;toothbrush_ap05;robot_ap05;turret_ap05;obstacle_ap05
0;1.5940381993059798e-07;0.17669010162353516;0.012218371033668518;4.994747638702393;6.603762626647949;0.0;0.0;0.0;0.0;0.0;0.0;0.0;0.0;0.0;0.0;0.0;0.0;0.0;0.0;0.0;0.0;0.0;0.0;0.0;0.0;0.0;0.0;0.0;0.0;0.0;0.0;0.0;0.0;0.0;0.0;0.0;0.0;0.0;0.0;0.0;0.0;0.0;0.0;0.0;0.0;0.0;0.0;0.0;0.0;0.0;0.0;0.0;0.0;0.0;0.0;0.0;0.0;0.0;0.0;0.0;0.0;0.0;0.0;0.0;0.0;0.0;0.0;0.0;0.0;0.0;0.0;0.0;0.0;0.0;0.0;0.0;0.0;0.0;0.0;0.0;0.0;0.0;0.0;0.0;0.0;0.0;0.0;0.0;0.0
1;2.55522722105956e-06;0.10204879939556122;0.010285880416631699;0.9043891429901123;1.8853535652160645;0.0;0.0;0.0;0.0;0.0;0.0;0.0;0.0;0.0;0.0;0.0;0.0;0.0;0.0;0.0;0.0;0.0;0.0;0.0;0.0;0.0;0.0;0.0;0.0;0.0;0.0;0.0;0.0;0.0;0.0;0.0;0.0;0.0;0.0;0.0;0.0;0.0;0.0;0.0;0.0;0.0;0.0;0.0;0.0;0.0;0.0;0.0;0.0;0.0;0.0;0.0;0.0;0.0;0.0;0.0;0.0;0.0;0.0;0.0;0.0;0.0;0.0;0.0;0.0;0.0;0.0;0.0;0.0;0.0;0.0;0.0;0.0;0.0;0.0;0.0;0.0;0.0;0.0;0.0;0.0;0.0;0.0;0.0;0.0
2;1.2943888113834767e-05;0.16657420992851257;0.009337237104773521;0.29286906123161316;1.7748585939407349;0.0;0.0;0.0;0.0;0.0;0.0;0.0;0.0;0.0;0.0;0.0;0.0;0.0;0.0;0.0;0.0;0.0;0.0;0.0;0.0;0.0;0.0;0.0;0.0;0.0;0.0;0.0;0.0;0.0;0.0;0.0;0.0;0.0;0.0;0.0;0.0;0.0;0.0;0.0;0.0;0.0;0.0;0.0;0.0;0.0;0.0;0.0;0.0;0.0;0.0;0.0;0.0;0.0;0.0;0.0;0.0;0.0;0.0;0.0;0.0;0.0;0.0;0.0;0.0;0.0;0.0;0.0;0.0;0.0;0.0;0.0;0.0;0.0;0.0;0.0;0.0;0.0;0.0;0.0;0.0;0.0;0.0;0.0;0.0
3;4.092180440870398e-05;0.10302466154098511;0.005442294757813215;0.03981562703847885;0.95108962059021;0.0;0.0;0.0;0.0;0.0;0.0;0.0;0.0;0.0;0.0;0.0;0.0;0.0;0.0;0.0;0.0;0.0;0.0;0.0;0.0;0.0;0.0;0.0;0.0;0.0;0.0;0.0;0.0;0.0;0.0;0.0;0.0;0.0;0.0;0.0;0.0;0.0;0.0;0.0;0.0;0.0;0.0;0.0;0.0;0.0;0.0;0.0;0.0;0.0;0.0;0.0;0.0;0.0;0.0;0.0;0.0;0.0;0.0;0.0;0.0;0.0;0.0;0.0;0.0;0.0;0.0;0.0;0.0;0.0;0.0;0.0;0.0;0.0;0.0;0.0;0.0;0.0;0.0;0.0;0.0;0.0;0.0;0.0;0.0
4;9.992539401611499e-05;0.09382674098014832;0.0032090882305055857;0.0140811363235116;0.8160404562950134;0.0;0.0;0.0;0.0;0.0;0.0;0.0;0.0;0.0;0.0;0.0;0.0;0.0;0.0;0.0;0.0;0.0;0.0;0.0;0.0;0.0;0.0;0.0;0.0;0.0;0.0;0.0;0.0;0.0;0.0;0.0;0.0;0.0;0.0;0.0;0.0;0.0;0.0;0.0;0.0;0.0;0.0;0.0;0.0;0.0;0.0;0.0;0.0;0.0;0.0;0.0;0.0;0.0;0.0;0.0;0.0;0.0;0.0;0.0;0.0;0.0;0.0;0.0;0.0;0.0;0.0;0.0;0.0;0.0;0.0;0.0;0.0;0.0;0.0;0.0;0.0;0.0;0.0;0.0;0.0;0.0;0.0;0.0;0.0
5;0.0001;0.08404096215963364;0.002659271936863661;0.0021048516500741243;0.7169809341430664;0.0;0.0;0.0;0.0;0.0;0.0;0.0;0.0;0.0;0.0;0.0;0.0;0.0;0.0;0.0;0.0;0.0;0.0;0.0;0.0;0.0;0.0;0.0;0.0;0.0;0.0;0.0;0.0;0.0;0.0;0.0;0.0;0.0;0.0;0.0;0.0;0.0;0.0;0.0;0.0;0.0;0.0;0.0;0.0;0.0;0.0;0.0;0.0;0.0;0.0;0.0;0.0;0.0;0.0;0.0;0.0;0.0;0.0;0.0;0.0;0.0;0.0;0.0;0.0;0.0;0.0;0.0;0.0;0.0;0.0;0.0;0.0;0.0;0.0;0.0;0.0;0.0;0.0;0.0;0.0;0.0;0.0;0.0;0.0
6;0.0001;0.12551121413707733;0.0016568979481235147;0.0007933926535770297;1.0313934087753296;0.0;0.0;0.0;0.0;0.0;0.0;0.0;0.0;0.0;0.0;0.0;0.0;0.0;0.0;0.0;0.0;0.0;0.0;0.0;0.0;0.0;0.0;0.0;0.0;0.0;0.0;0.0;0.0;0.0;0.0;0.0;0.0;0.0;0.0;0.0;0.0;0.0;0.0;0.0;0.0;0.0;0.0;0.0;0.0;0.0;0.0;0.0;0.0;0.0;0.0;0.0;0.0;0.0;0.0;0.0;0.0;0.0;0.0;0.0;0.0;0.0;0.0;0.0;0.0;0.0;0.0;0.0;0.0;0.0;0.0;0.0;0.0;0.0;0.0;0.0;0.0;0.0;0.0;0.0;0.0;0.0;0.0;0.0;0.0
7;0.0001;0.08302215486764908;0.0024598182644695044;0.0067406753078103065;0.7102749943733215;0.0;0.0;0.0;0.0;0.0;0.0;0.0;0.0;0.0;0.0;0.0;0.0;0.0;0.0;0.0;0.0;0.0;0.0;0.0;0.0;0.0;0.0;0.0;0.0;0.0;0.0;0.0;0.0;0.0;0.0;0.0;0.0;0.0;0.0;0.0;0.0;0.0;0.0;0.0;0.0;0.0;0.0;0.0;0.0;0.0;0.0;0.0;0.0;0.0;0.0;0.0;0.0;0.0;0.0;0.0;0.0;0.0;0.0;0.0;0.0;0.0;0.0;0.0;0.0;0.0;0.0;0.0;0.0;0.0;0.0;0.0;0.0;0.0;0.0;0.0;0.0;0.0;0.0;0.0;0.0;0.0;0.0;0.0;0.0
8;0.0001;0.06463374942541122;0.002810798119753599;0.0008175682160072029;0.562860369682312;0.0;0.0;0.0;0.0;0.0;0.0;0.0;0.0;0.0;0.0;0.0;0.0;0.0;0.0;0.0;0.0;0.0;0.0;0.0;0.0;0.0;0.0;0.0;0.0;0.0;0.0;0.0;0.0;0.0;0.0;0.0;0.0;0.0;0.0;0.0;0.0;0.0;0.0;0.0;0.0;0.0;0.0;0.0;0.0;0.0;0.0;0.0;0.0;0.0;0.0;0.0;0.0;0.0;0.0;0.0;0.0;0.0;0.0;0.0;0.0;0.0;0.0;0.0;0.0;0.0;0.0;0.0;0.0;0.0;0.0;0.0;0.0;0.0;0.0;0.0;0.0;0.0;0.0;0.0;0.0;0.0;0.0;0.0;0.0
9;0.0001;0.08912008255720139;0.0019415324786677957;0.018102603033185005;0.7621277570724487;0.0;0.0;0.0;0.0;0.0;0.0;0.0;0.0;0.0;0.0;0.0;0.0;0.0;0.0;0.0;0.0;0.0;0.0;0.0;0.0;0.0;0.0;0.0;0.0;0.0;0.0;0.0;0.0;0.0;0.0;0.0;0.0;0.0;0.0;0.0;0.0;0.0;0.0;0.0;0.0;0.0;0.0;0.0;0.0;0.0;0.0;0.0;0.0;0.0;0.0;0.0;0.0;0.0;0.0;0.0;0.0;0.0;0.0;0.0;0.0;0.0;0.0;0.0;0.0;0.0;0.0;0.0;0.0;0.0;0.0;0.0;0.0;0.0;0.0;0.0;0.0;0.0;0.0;0.0;0.0;0.0;0.0;0.0;0.0
10;0.0001;0.08571959286928177;0.0021121061872690916;0.0005801463848911226;0.7201305627822876;0.9734671815980193;0;0;0;0;0;0;0;0;0;0;0;0;0;0;0;0;0;0;0;0;0;0;0;0;0;0;0;0;0;0;0;0;0;0;0;0;0;0;0;0;0;0;0;0;0;0;0;0;0;0;0;0;0;0;0;0;0;0;0;0;0;0;0;0;0;0;0;0;0;0;0;0;0;0;0;0;0;0;0;0;0.9538235480750852;0.9830918696578643;0.9834861270611085
11;0.0001;0.11154603213071823;0.003027739468961954;0.0029444450046867132;0.9437565803527832;0.9734671815980193;0;0;0;0;0;0;0;0;0;0;0;0;0;0;0;0;0;0;0;0;0;0;0;0;0;0;0;0;0;0;0;0;0;0;0;0;0;0;0;0;0;0;0;0;0;0;0;0;0;0;0;0;0;0;0;0;0;0;0;0;0;0;0;0;0;0;0;0;0;0;0;0;0;0;0;0;0;0;0;0;0.9538235480750852;0.9830918696578643;0.9834861270611085
12;0.0001;0.06865562498569489;0.004405225161463022;0.004392682109028101;0.6241213083267212;0.9734671815980193;0;0;0;0;0;0;0;0;0;0;0;0;0;0;0;0;0;0;0;0;0;0;0;0;0;0;0;0;0;0;0;0;0;0;0;0;0;0;0;0;0;0;0;0;0;0;0;0;0;0;0;0;0;0;0;0;0;0;0;0;0;0;0;0;0;0;0;0;0;0;0;0;0;0;0;0;0;0;0;0;0.9538235480750852;0.9830918696578643;0.9834861270611085
13;0.0001;0.08345229923725128;0.0015625880332663655;0.00035371672129258513;0.6929734945297241;0.9734671815980193;0;0;0;0;0;0;0;0;0;0;0;0;0;0;0;0;0;0;0;0;0;0;0;0;0;0;0;0;0;0;0;0;0;0;0;0;0;0;0;0;0;0;0;0;0;0;0;0;0;0;0;0;0;0;0;0;0;0;0;0;0;0;0;0;0;0;0;0;0;0;0;0;0;0;0;0;0;0;0;0;0.9538235480750852;0.9830918696578643;0.9834861270611085
14;0.0001;0.0682314783334732;0.0024290564469993114;0.0004818593442905694;0.5851985812187195;0.9734671815980193;0;0;0;0;0;0;0;0;0;0;0;0;0;0;0;0;0;0;0;0;0;0;0;0;0;0;0;0;0;0;0;0;0;0;0;0;0;0;0;0;0;0;0;0;0;0;0;0;0;0;0;0;0;0;0;0;0;0;0;0;0;0;0;0;0;0;0;0;0;0;0;0;0;0;0;0;0;0;0;0;0.9538235480750852;0.9830918696578643;0.9834861270611085
15;0.0001;0.05721776559948921;0.0015299784718081355;0.003349154256284237;0.4855709373950958;0.9734671815980193;0;0;0;0;0;0;0;0;0;0;0;0;0;0;0;0;0;0;0;0;0;0;0;0;0;0;0;0;0;0;0;0;0;0;0;0;0;0;0;0;0;0;0;0;0;0;0;0;0;0;0;0;0;0;0;0;0;0;0;0;0;0;0;0;0;0;0;0;0;0;0;0;0;0;0;0;0;0;0;0;0.9538235480750852;0.9830918696578643;0.9834861270611085
16;0.0001;0.055456746369600296;0.001091053243726492;7.889950938988477e-05;0.46118971705436707;0.9734671815980193;0;0;0;0;0;0;0;0;0;0;0;0;0;0;0;0;0;0;0;0;0;0;0;0;0;0;0;0;0;0;0;0;0;0;0;0;0;0;0;0;0;0;0;0;0;0;0;0;0;0;0;0;0;0;0;0;0;0;0;0;0;0;0;0;0;0;0;0;0;0;0;0;0;0;0;0;0;0;0;0;0.9538235480750852;0.9830918696578643;0.9834861270611085
17;0.0001;0.09192600846290588;0.00301805860362947;0.003955733962357044;0.7876527309417725;0.9734671815980193;0;0;0;0;0;0;0;0;0;0;0;0;0;0;0;0;0;0;0;0;0;0;0;0;0;0;0;0;0;0;0;0;0;0;0;0;0;0;0;0;0;0;0;0;0;0;0;0;0;0;0;0;0;0;0;0;0;0;0;0;0;0;0;0;0;0;0;0;0;0;0;0;0;0;0;0;0;0;0;0;0.9538235480750852;0.9830918696578643;0.9834861270611085
18;0.0001;0.0720909833908081;0.0017555245431140065;0.0003706528223119676;0.605186939239502;0.9734671815980193;0;0;0;0;0;0;0;0;0;0;0;0;0;0;0;0;0;0;0;0;0;0;0;0;0;0;0;0;0;0;0;0;0;0;0;0;0;0;0;0;0;0;0;0;0;0;0;0;0;0;0;0;0;0;0;0;0;0;0;0;0;0;0;0;0;0;0;0;0;0;0;0;0;0;0;0;0;0;0;0;0.9538235480750852;0.9830918696578643;0.9834861270611085
19;0.0001;0.05415043234825134;0.0018863118020817637;0.003320351243019104;0.466704785823822;0.9734671815980193;0;0;0;0;0;0;0;0;0;0;0;0;0;0;0;0;0;0;0;0;0;0;0;0;0;0;0;0;0;0;0;0;0;0;0;0;0;0;0;0;0;0;0;0;0;0;0;0;0;0;0;0;0;0;0;0;0;0;0;0;0;0;0;0;0;0;0;0;0;0;0;0;0;0;0;0;0;0;0;0;0.9538235480750852;0.9830918696578643;0.9834861270611085
20;0.0001;0.08257019519805908;0.0013953043380752206;0.00047231014468707144;0.6833587288856506;0.9819626032426809;0;0;0;0;0;0;0;0;0;0;0;0;0;0;0;0;0;0;0;0;0;0;0;0;0;0;0;0;0;0;0;0;0;0;0;0;0;0;0;0;0;0;0;0;0;0;0;0;0;0;0;0;0;0;0;0;0;0;0;0;0;0;0;0;0;0;0;0;0;0;0;0;0;0;0;0;0;0;0;0;0.9844730950048579;0.9738058229844476;0.9876088917387366
21;0.0001;0.05976592004299164;0.0012115309946238995;9.933942055795342e-05;0.4976111948490143;0.9819626032426809;0;0;0;0;0;0;0;0;0;0;0;0;0;0;0;0;0;0;0;0;0;0;0;0;0;0;0;0;0;0;0;0;0;0;0;0;0;0;0;0;0;0;0;0;0;0;0;0;0;0;0;0;0;0;0;0;0;0;0;0;0;0;0;0;0;0;0;0;0;0;0;0;0;0;0;0;0;0;0;0;0.9844730950048579;0.9738058229844476;0.9876088917387366
22;0.0001;0.06963837891817093;0.003060325514525175;0.0022231650073081255;0.6082954406738281;0.9819626032426809;0;0;0;0;0;0;0;0;0;0;0;0;0;0;0;0;0;0;0;0;0;0;0;0;0;0;0;0;0;0;0;0;0;0;0;0;0;0;0;0;0;0;0;0;0;0;0;0;0;0;0;0;0;0;0;0;0;0;0;0;0;0;0;0;0;0;0;0;0;0;0;0;0;0;0;0;0;0;0;0;0.9844730950048579;0.9738058229844476;0.9876088917387366
23;0.0001;0.0534253790974617;0.0010904173832386732;0.00010113529424415901;0.4449508488178253;0.9819626032426809;0;0;0;0;0;0;0;0;0;0;0;0;0;0;0;0;0;0;0;0;0;0;0;0;0;0;0;0;0;0;0;0;0;0;0;0;0;0;0;0;0;0;0;0;0;0;0;0;0;0;0;0;0;0;0;0;0;0;0;0;0;0;0;0;0;0;0;0;0;0;0;0;0;0;0;0;0;0;0;0;0.9844730950048579;0.9738058229844476;0.9876088917387366
24;0.0001;0.05073176696896553;0.0014562030555680394;0.0032927091233432293;0.43244609236717224;0.9819626032426809;0;0;0;0;0;0;0;0;0;0;0;0;0;0;0;0;0;0;0;0;0;0;0;0;0;0;0;0;0;0;0;0;0;0;0;0;0;0;0;0;0;0;0;0;0;0;0;0;0;0;0;0;0;0;0;0;0;0;0;0;0;0;0;0;0;0;0;0;0;0;0;0;0;0;0;0;0;0;0;0;0.9844730950048579;0.9738058229844476;0.9876088917387366
25;0.0001;0.06698060035705566;0.0010723394807428122;6.801677227485925e-05;0.5530702471733093;0.9819626032426809;0;0;0;0;0;0;0;0;0;0;0;0;0;0;0;0;0;0;0;0;0;0;0;0;0;0;0;0;0;0;0;0;0;0;0;0;0;0;0;0;0;0;0;0;0;0;0;0;0;0;0;0;0;0;0;0;0;0;0;0;0;0;0;0;0;0;0;0;0;0;0;0;0;0;0;0;0;0;0;0;0.9844730950048579;0.9738058229844476;0.9876088917387366
26;0.0001;0.050360918045043945;0.001991068013012409;0.00020533175847958773;0.43494975566864014;0.9819626032426809;0;0;0;0;0;0;0;0;0;0;0;0;0;0;0;0;0;0;0;0;0;0;0;0;0;0;0;0;0;0;0;0;0;0;0;0;0;0;0;0;0;0;0;0;0;0;0;0;0;0;0;0;0;0;0;0;0;0;0;0;0;0;0;0;0;0;0;0;0;0;0;0;0;0;0;0;0;0;0;0;0.9844730950048579;0.9738058229844476;0.9876088917387366
27;0.0001;0.06515508890151978;0.0012017233530059457;3.5727094655158e-05;0.540503978729248;0.9819626032426809;0;0;0;0;0;0;0;0;0;0;0;0;0;0;0;0;0;0;0;0;0;0;0;0;0;0;0;0;0;0;0;0;0;0;0;0;0;0;0;0;0;0;0;0;0;0;0;0;0;0;0;0;0;0;0;0;0;0;0;0;0;0;0;0;0;0;0;0;0;0;0;0;0;0;0;0;0;0;0;0;0.9844730950048579;0.9738058229844476;0.9876088917387366
28;0.0001;0.06174376979470253;0.002391338348388672;0.00016371093806810677;0.5323752760887146;0.9819626032426809;0;0;0;0;0;0;0;0;0;0;0;0;0;0;0;0;0;0;0;0;0;0;0;0;0;0;0;0;0;0;0;0;0;0;0;0;0;0;0;0;0;0;0;0;0;0;0;0;0;0;0;0;0;0;0;0;0;0;0;0;0;0;0;0;0;0;0;0;0;0;0;0;0;0;0;0;0;0;0;0;0.9844730950048579;0.9738058229844476;0.9876088917387366
29;0.0001;0.05428338795900345;0.0020408877171576023;0.0003639499773271382;0.46728524565696716;0.9819626032426809;0;0;0;0;0;0;0;0;0;0;0;0;0;0;0;0;0;0;0;0;0;0;0;0;0;0;0;0;0;0;0;0;0;0;0;0;0;0;0;0;0;0;0;0;0;0;0;0;0;0;0;0;0;0;0;0;0;0;0;0;0;0;0;0;0;0;0;0;0;0;0;0;0;0;0;0;0;0;0;0;0.9844730950048579;0.9738058229844476;0.9876088917387366
30;0.0001;0.07339692115783691;0.0011089626932516694;0.00023037301434669644;0.6051491498947144;0.9735004505759763;0;0;0;0;0;0;0;0;0;0;0;0;0;0;0;0;0;0;0;0;0;0;0;0;0;0;0;0;0;0;0;0;0;0;0;0;0;0;0;0;0;0;0;0;0;0;0;0;0;0;0;0;0;0;0;0;0;0;0;0;0;0;0;0;0;0;0;0;0;0;0;0;0;0;0;0;0;0;0;0;0.9645835314372626;0.9800885222341993;0.9758292980564672
31;0.0001;0.06726695597171783;0.001497529330663383;9.133354615187272e-05;0.5621874332427979;0.9735004505759763;0;0;0;0;0;0;0;0;0;0;0;0;0;0;0;0;0;0;0;0;0;0;0;0;0;0;0;0;0;0;0;0;0;0;0;0;0;0;0;0;0;0;0;0;0;0;0;0;0;0;0;0;0;0;0;0;0;0;0;0;0;0;0;0;0;0;0;0;0;0;0;0;0;0;0;0;0;0;0;0;0.9645835314372626;0.9800885222341993;0.9758292980564672
32;0.0001;0.07258765399456024;0.00094750733114779;0.0003185711975675076;0.5961799621582031;0.9735004505759763;0;0;0;0;0;0;0;0;0;0;0;0;0;0;0;0;0;0;0;0;0;0;0;0;0;0;0;0;0;0;0;0;0;0;0;0;0;0;0;0;0;0;0;0;0;0;0;0;0;0;0;0;0;0;0;0;0;0;0;0;0;0;0;0;0;0;0;0;0;0;0;0;0;0;0;0;0;0;0;0;0.9645835314372626;0.9800885222341993;0.9758292980564672
33;0.0001;0.06231703981757164;0.0033099758438766003;0.0015033766394481063;0.5529992580413818;0.9735004505759763;0;0;0;0;0;0;0;0;0;0;0;0;0;0;0;0;0;0;0;0;0;0;0;0;0;0;0;0;0;0;0;0;0;0;0;0;0;0;0;0;0;0;0;0;0;0;0;0;0;0;0;0;0;0;0;0;0;0;0;0;0;0;0;0;0;0;0;0;0;0;0;0;0;0;0;0;0;0;0;0;0.9645835314372626;0.9800885222341993;0.9758292980564672
34;0.0001;0.061229292303323746;0.0020685747731477022;0.0003943202318623662;0.5233258605003357;0.9735004505759763;0;0;0;0;0;0;0;0;0;0;0;0;0;0;0;0;0;0;0;0;0;0;0;0;0;0;0;0;0;0;0;0;0;0;0;0;0;0;0;0;0;0;0;0;0;0;0;0;0;0;0;0;0;0;0;0;0;0;0;0;0;0;0;0;0;0;0;0;0;0;0;0;0;0;0;0;0;0;0;0;0.9645835314372626;0.9800885222341993;0.9758292980564672
35;0.0001;0.06350821256637573;0.0013348772190511227;0.00011538981925696135;0.5295391082763672;0.9735004505759763;0;0;0;0;0;0;0;0;0;0;0;0;0;0;0;0;0;0;0;0;0;0;0;0;0;0;0;0;0;0;0;0;0;0;0;0;0;0;0;0;0;0;0;0;0;0;0;0;0;0;0;0;0;0;0;0;0;0;0;0;0;0;0;0;0;0;0;0;0;0;0;0;0;0;0;0;0;0;0;0;0.9645835314372626;0.9800885222341993;0.9758292980564672
36;0.0001;0.04397273063659668;0.0010157639626413584;7.759413711028174e-05;0.36811167001724243;0.9735004505759763;0;0;0;0;0;0;0;0;0;0;0;0;0;0;0;0;0;0;0;0;0;0;0;0;0;0;0;0;0;0;0;0;0;0;0;0;0;0;0;0;0;0;0;0;0;0;0;0;0;0;0;0;0;0;0;0;0;0;0;0;0;0;0;0;0;0;0;0;0;0;0;0;0;0;0;0;0;0;0;0;0.9645835314372626;0.9800885222341993;0.9758292980564672
37;0.0001;0.04123324528336525;0.0012205165112391114;5.12031874677632e-05;0.3494454324245453;0.9735004505759763;0;0;0;0;0;0;0;0;0;0;0;0;0;0;0;0;0;0;0;0;0;0;0;0;0;0;0;0;0;0;0;0;0;0;0;0;0;0;0;0;0;0;0;0;0;0;0;0;0;0;0;0;0;0;0;0;0;0;0;0;0;0;0;0;0;0;0;0;0;0;0;0;0;0;0;0;0;0;0;0;0.9645835314372626;0.9800885222341993;0.9758292980564672
38;0.0001;0.050390470772981644;0.002284688875079155;0.0005321868229657412;0.4402109682559967;0.9735004505759763;0;0;0;0;0;0;0;0;0;0;0;0;0;0;0;0;0;0;0;0;0;0;0;0;0;0;0;0;0;0;0;0;0;0;0;0;0;0;0;0;0;0;0;0;0;0;0;0;0;0;0;0;0;0;0;0;0;0;0;0;0;0;0;0;0;0;0;0;0;0;0;0;0;0;0;0;0;0;0;0;0.9645835314372626;0.9800885222341993;0.9758292980564672
39;0.0001;0.05936527997255325;0.0010436603333801031;1.0840263712452725e-05;0.4916316568851471;0.9735004505759763;0;0;0;0;0;0;0;0;0;0;0;0;0;0;0;0;0;0;0;0;0;0;0;0;0;0;0;0;0;0;0;0;0;0;0;0;0;0;0;0;0;0;0;0;0;0;0;0;0;0;0;0;0;0;0;0;0;0;0;0;0;0;0;0;0;0;0;0;0;0;0;0;0;0;0;0;0;0;0;0;0.9645835314372626;0.9800885222341993;0.9758292980564672
40;0.0001;0.0694081038236618;0.0021372828632593155;8.475231879856437e-05;0.5895460844039917;0.9741789514442539;0;0;0;0;0;0;0;0;0;0;0;0;0;0;0;0;0;0;0;0;0;0;0;0;0;0;0;0;0;0;0;0;0;0;0;0;0;0;0;0;0;0;0;0;0;0;0;0;0;0;0;0;0;0;0;0;0;0;0;0;0;0;0;0;0;0;0;0;0;0;0;0;0;0;0;0;0;0;0;0;0.9828475906672147;0.9696570321039107;0.9700322315616361
41;0.0001;0.05562730133533478;0.0017242894973605871;3.30670882249251e-05;0.47264012694358826;0.9741789514442539;0;0;0;0;0;0;0;0;0;0;0;0;0;0;0;0;0;0;0;0;0;0;0;0;0;0;0;0;0;0;0;0;0;0;0;0;0;0;0;0;0;0;0;0;0;0;0;0;0;0;0;0;0;0;0;0;0;0;0;0;0;0;0;0;0;0;0;0;0;0;0;0;0;0;0;0;0;0;0;0;0.9828475906672147;0.9696570321039107;0.9700322315616361
42;0.0001;0.03804672881960869;0.0010396235156804323;1.0520436262595467e-05;0.3210183382034302;0.9741789514442539;0;0;0;0;0;0;0;0;0;0;0;0;0;0;0;0;0;0;0;0;0;0;0;0;0;0;0;0;0;0;0;0;0;0;0;0;0;0;0;0;0;0;0;0;0;0;0;0;0;0;0;0;0;0;0;0;0;0;0;0;0;0;0;0;0;0;0;0;0;0;0;0;0;0;0;0;0;0;0;0;0.9828475906672147;0.9696570321039107;0.9700322315616361
43;0.0001;0.05088890343904495;0.0016730449860915542;5.120068817632273e-05;0.4339311420917511;0.9741789514442539;0;0;0;0;0;0;0;0;0;0;0;0;0;0;0;0;0;0;0;0;0;0;0;0;0;0;0;0;0;0;0;0;0;0;0;0;0;0;0;0;0;0;0;0;0;0;0;0;0;0;0;0;0;0;0;0;0;0;0;0;0;0;0;0;0;0;0;0;0;0;0;0;0;0;0;0;0;0;0;0;0.9828475906672147;0.9696570321039107;0.9700322315616361
44;0.0001;0.05375312641263008;0.0020088108722120523;0.004124796018004417;0.46629077196121216;0.9741789514442539;0;0;0;0;0;0;0;0;0;0;0;0;0;0;0;0;0;0;0;0;0;0;0;0;0;0;0;0;0;0;0;0;0;0;0;0;0;0;0;0;0;0;0;0;0;0;0;0;0;0;0;0;0;0;0;0;0;0;0;0;0;0;0;0;0;0;0;0;0;0;0;0;0;0;0;0;0;0;0;0;0.9828475906672147;0.9696570321039107;0.9700322315616361
45;0.0001;0.05490601807832718;0.000661248981487006;0.0001796903961803764;0.4500077962875366;0.9741789514442539;0;0;0;0;0;0;0;0;0;0;0;0;0;0;0;0;0;0;0;0;0;0;0;0;0;0;0;0;0;0;0;0;0;0;0;0;0;0;0;0;0;0;0;0;0;0;0;0;0;0;0;0;0;0;0;0;0;0;0;0;0;0;0;0;0;0;0;0;0;0;0;0;0;0;0;0;0;0;0;0;0.9828475906672147;0.9696570321039107;0.9700322315616361
46;0.0001;0.045393820852041245;0.0011027920991182327;0.0002715878654271364;0.38106682896614075;0.9741789514442539;0;0;0;0;0;0;0;0;0;0;0;0;0;0;0;0;0;0;0;0;0;0;0;0;0;0;0;0;0;0;0;0;0;0;0;0;0;0;0;0;0;0;0;0;0;0;0;0;0;0;0;0;0;0;0;0;0;0;0;0;0;0;0;0;0;0;0;0;0;0;0;0;0;0;0;0;0;0;0;0;0.9828475906672147;0.9696570321039107;0.9700322315616361
47;0.0001;0.059988003224134445;0.0022185728885233402;7.523126259911805e-05;0.515476405620575;0.9741789514442539;0;0;0;0;0;0;0;0;0;0;0;0;0;0;0;0;0;0;0;0;0;0;0;0;0;0;0;0;0;0;0;0;0;0;0;0;0;0;0;0;0;0;0;0;0;0;0;0;0;0;0;0;0;0;0;0;0;0;0;0;0;0;0;0;0;0;0;0;0;0;0;0;0;0;0;0;0;0;0;0;0.9828475906672147;0.9696570321039107;0.9700322315616361
48;0.0001;0.04038833826780319;0.001165078836493194;0.013450643979012966;0.35519862174987793;0.9741789514442539;0;0;0;0;0;0;0;0;0;0;0;0;0;0;0;0;0;0;0;0;0;0;0;0;0;0;0;0;0;0;0;0;0;0;0;0;0;0;0;0;0;0;0;0;0;0;0;0;0;0;0;0;0;0;0;0;0;0;0;0;0;0;0;0;0;0;0;0;0;0;0;0;0;0;0;0;0;0;0;0;0.9828475906672147;0.9696570321039107;0.9700322315616361
49;0.0001;0.06233570724725723;0.0009699572110548615;0.03991661220788956;0.5541216135025024;0.9741789514442539;0;0;0;0;0;0;0;0;0;0;0;0;0;0;0;0;0;0;0;0;0;0;0;0;0;0;0;0;0;0;0;0;0;0;0;0;0;0;0;0;0;0;0;0;0;0;0;0;0;0;0;0;0;0;0;0;0;0;0;0;0;0;0;0;0;0;0;0;0;0;0;0;0;0;0;0;0;0;0;0;0.9828475906672147;0.9696570321039107;0.9700322315616361
50;1e-05;0.11003261059522629;0.002278052270412445;0.00015226956747937948;0.9168620109558105;0.9827245586525782;0;0;0;0;0;0;0;0;0;0;0;0;0;0;0;0;0;0;0;0;0;0;0;0;0;0;0;0;0;0;0;0;0;0;0;0;0;0;0;0;0;0;0;0;0;0;0;0;0;0;0;0;0;0;0;0;0;0;0;0;0;0;0;0;0;0;0;0;0;0;0;0;0;0;0;0;0;0;0;0;0.9817792653553522;0.984540832102632;0.9818535784997502
51;1e-05;0.04343760013580322;0.001451796619221568;6.902807217556983e-05;0.3707985579967499;0.9827245586525782;0;0;0;0;0;0;0;0;0;0;0;0;0;0;0;0;0;0;0;0;0;0;0;0;0;0;0;0;0;0;0;0;0;0;0;0;0;0;0;0;0;0;0;0;0;0;0;0;0;0;0;0;0;0;0;0;0;0;0;0;0;0;0;0;0;0;0;0;0;0;0;0;0;0;0;0;0;0;0;0;0.9817792653553522;0.984540832102632;0.9818535784997502
52;1e-05;0.04185539856553078;0.0013063462683930993;1.8826385712600313e-05;0.3557635545730591;0.9827245586525782;0;0;0;0;0;0;0;0;0;0;0;0;0;0;0;0;0;0;0;0;0;0;0;0;0;0;0;0;0;0;0;0;0;0;0;0;0;0;0;0;0;0;0;0;0;0;0;0;0;0;0;0;0;0;0;0;0;0;0;0;0;0;0;0;0;0;0;0;0;0;0;0;0;0;0;0;0;0;0;0;0.9817792653553522;0.984540832102632;0.9818535784997502
53;1e-05;0.03557318076491356;0.001049805898219347;3.340293187648058e-05;0.30141574144363403;0.9827245586525782;0;0;0;0;0;0;0;0;0;0;0;0;0;0;0;0;0;0;0;0;0;0;0;0;0;0;0;0;0;0;0;0;0;0;0;0;0;0;0;0;0;0;0;0;0;0;0;0;0;0;0;0;0;0;0;0;0;0;0;0;0;0;0;0;0;0;0;0;0;0;0;0;0;0;0;0;0;0;0;0;0.9817792653553522;0.984540832102632;0.9818535784997502
54;1e-05;0.05351782217621803;0.0013124566758051515;0.0004504132957663387;0.4495922923088074;0.9827245586525782;0;0;0;0;0;0;0;0;0;0;0;0;0;0;0;0;0;0;0;0;0;0;0;0;0;0;0;0;0;0;0;0;0;0;0;0;0;0;0;0;0;0;0;0;0;0;0;0;0;0;0;0;0;0;0;0;0;0;0;0;0;0;0;0;0;0;0;0;0;0;0;0;0;0;0;0;0;0;0;0;0.9817792653553522;0.984540832102632;0.9818535784997502
55;1e-05;0.04305368289351463;0.0010969124268740416;9.62786070886068e-05;0.3620763421058655;0.9827245586525782;0;0;0;0;0;0;0;0;0;0;0;0;0;0;0;0;0;0;0;0;0;0;0;0;0;0;0;0;0;0;0;0;0;0;0;0;0;0;0;0;0;0;0;0;0;0;0;0;0;0;0;0;0;0;0;0;0;0;0;0;0;0;0;0;0;0;0;0;0;0;0;0;0;0;0;0;0;0;0;0;0.9817792653553522;0.984540832102632;0.9818535784997502
56;1e-05;0.051624733954668045;0.0009591180132701993;1.5255066500685643e-05;0.4283590316772461;0.9827245586525782;0;0;0;0;0;0;0;0;0;0;0;0;0;0;0;0;0;0;0;0;0;0;0;0;0;0;0;0;0;0;0;0;0;0;0;0;0;0;0;0;0;0;0;0;0;0;0;0;0;0;0;0;0;0;0;0;0;0;0;0;0;0;0;0;0;0;0;0;0;0;0;0;0;0;0;0;0;0;0;0;0.9817792653553522;0.984540832102632;0.9818535784997502
57;1e-05;0.04756160080432892;0.0008629892836324871;0.0003013006935361773;0.3946019411087036;0.9827245586525782;0;0;0;0;0;0;0;0;0;0;0;0;0;0;0;0;0;0;0;0;0;0;0;0;0;0;0;0;0;0;0;0;0;0;0;0;0;0;0;0;0;0;0;0;0;0;0;0;0;0;0;0;0;0;0;0;0;0;0;0;0;0;0;0;0;0;0;0;0;0;0;0;0;0;0;0;0;0;0;0;0.9817792653553522;0.984540832102632;0.9818535784997502
58;1e-05;0.0416356697678566;0.0013525797985494137;6.932349151611561e-06;0.35473358631134033;0.9827245586525782;0;0;0;0;0;0;0;0;0;0;0;0;0;0;0;0;0;0;0;0;0;0;0;0;0;0;0;0;0;0;0;0;0;0;0;0;0;0;0;0;0;0;0;0;0;0;0;0;0;0;0;0;0;0;0;0;0;0;0;0;0;0;0;0;0;0;0;0;0;0;0;0;0;0;0;0;0;0;0;0;0.9817792653553522;0.984540832102632;0.9818535784997502
59;1e-05;0.05335003882646561;0.0012714096810668707;3.30442089762073e-05;0.44717592000961304;0.9827245586525782;0;0;0;0;0;0;0;0;0;0;0;0;0;0;0;0;0;0;0;0;0;0;0;0;0;0;0;0;0;0;0;0;0;0;0;0;0;0;0;0;0;0;0;0;0;0;0;0;0;0;0;0;0;0;0;0;0;0;0;0;0;0;0;0;0;0;0;0;0;0;0;0;0;0;0;0;0;0;0;0;0.9817792653553522;0.984540832102632;0.9818535784997502
60;1e-05;0.049870241433382034;0.0009619805496186018;2.243448034278117e-05;0.41437605023384094;0.9837074000897318;0;0;0;0;0;0;0;0;0;0;0;0;0;0;0;0;0;0;0;0;0;0;0;0;0;0;0;0;0;0;0;0;0;0;0;0;0;0;0;0;0;0;0;0;0;0;0;0;0;0;0;0;0;0;0;0;0;0;0;0;0;0;0;0;0;0;0;0;0;0;0;0;0;0;0;0;0;0;0;0;0.9825146241166908;0.9845755939610225;0.9840319821914819
61;1e-05;0.04228045418858528;0.00205606734380126;3.579441181500442e-05;0.37117651104927063;0.9837074000897318;0;0;0;0;0;0;0;0;0;0;0;0;0;0;0;0;0;0;0;0;0;0;0;0;0;0;0;0;0;0;0;0;0;0;0;0;0;0;0;0;0;0;0;0;0;0;0;0;0;0;0;0;0;0;0;0;0;0;0;0;0;0;0;0;0;0;0;0;0;0;0;0;0;0;0;0;0;0;0;0;0.9825146241166908;0.9845755939610225;0.9840319821914819
62;1e-05;0.12255340069532394;0.001396333216689527;0.00019458243332337588;1.0029630661010742;0.9837074000897318;0;0;0;0;0;0;0;0;0;0;0;0;0;0;0;0;0;0;0;0;0;0;0;0;0;0;0;0;0;0;0;0;0;0;0;0;0;0;0;0;0;0;0;0;0;0;0;0;0;0;0;0;0;0;0;0;0;0;0;0;0;0;0;0;0;0;0;0;0;0;0;0;0;0;0;0;0;0;0;0;0.9825146241166908;0.9845755939610225;0.9840319821914819
63;1e-05;0.03504251688718796;0.0010459988843649626;7.107081728463527e-06;0.29708319902420044;0.9837074000897318;0;0;0;0;0;0;0;0;0;0;0;0;0;0;0;0;0;0;0;0;0;0;0;0;0;0;0;0;0;0;0;0;0;0;0;0;0;0;0;0;0;0;0;0;0;0;0;0;0;0;0;0;0;0;0;0;0;0;0;0;0;0;0;0;0;0;0;0;0;0;0;0;0;0;0;0;0;0;0;0;0.9825146241166908;0.9845755939610225;0.9840319821914819
64;1e-05;0.0471835620701313;0.0008573056547902524;6.109557489253348e-06;0.3911914825439453;0.9837074000897318;0;0;0;0;0;0;0;0;0;0;0;0;0;0;0;0;0;0;0;0;0;0;0;0;0;0;0;0;0;0;0;0;0;0;0;0;0;0;0;0;0;0;0;0;0;0;0;0;0;0;0;0;0;0;0;0;0;0;0;0;0;0;0;0;0;0;0;0;0;0;0;0;0;0;0;0;0;0;0;0;0.9825146241166908;0.9845755939610225;0.9840319821914819
65;1e-05;0.055098503828048706;0.0012414557859301567;1.1416894267313182e-05;0.46066275238990784;0.9837074000897318;0;0;0;0;0;0;0;0;0;0;0;0;0;0;0;0;0;0;0;0;0;0;0;0;0;0;0;0;0;0;0;0;0;0;0;0;0;0;0;0;0;0;0;0;0;0;0;0;0;0;0;0;0;0;0;0;0;0;0;0;0;0;0;0;0;0;0;0;0;0;0;0;0;0;0;0;0;0;0;0;0.9825146241166908;0.9845755939610225;0.9840319821914819
66;1e-05;0.04307001084089279;0.0006818026886321604;1.0822067451954354e-05;0.35547974705696106;0.9837074000897318;0;0;0;0;0;0;0;0;0;0;0;0;0;0;0;0;0;0;0;0;0;0;0;0;0;0;0;0;0;0;0;0;0;0;0;0;0;0;0;0;0;0;0;0;0;0;0;0;0;0;0;0;0;0;0;0;0;0;0;0;0;0;0;0;0;0;0;0;0;0;0;0;0;0;0;0;0;0;0;0;0.9825146241166908;0.9845755939610225;0.9840319821914819
67;1e-05;0.04148834943771362;0.0024196854792535305;0.0003095432184636593;0.37093132734298706;0.9837074000897318;0;0;0;0;0;0;0;0;0;0;0;0;0;0;0;0;0;0;0;0;0;0;0;0;0;0;0;0;0;0;0;0;0;0;0;0;0;0;0;0;0;0;0;0;0;0;0;0;0;0;0;0;0;0;0;0;0;0;0;0;0;0;0;0;0;0;0;0;0;0;0;0;0;0;0;0;0;0;0;0;0.9825146241166908;0.9845755939610225;0.9840319821914819
68;1e-05;0.04414146766066551;0.0009763316484168172;4.958087083650753e-05;0.36880263686180115;0.9837074000897318;0;0;0;0;0;0;0;0;0;0;0;0;0;0;0;0;0;0;0;0;0;0;0;0;0;0;0;0;0;0;0;0;0;0;0;0;0;0;0;0;0;0;0;0;0;0;0;0;0;0;0;0;0;0;0;0;0;0;0;0;0;0;0;0;0;0;0;0;0;0;0;0;0;0;0;0;0;0;0;0;0.9825146241166908;0.9845755939610225;0.9840319821914819
69;1e-05;0.056350674480199814;0.0008562999428249896;1.0943005690933205e-05;0.46451714634895325;0.9837074000897318;0;0;0;0;0;0;0;0;0;0;0;0;0;0;0;0;0;0;0;0;0;0;0;0;0;0;0;0;0;0;0;0;0;0;0;0;0;0;0;0;0;0;0;0;0;0;0;0;0;0;0;0;0;0;0;0;0;0;0;0;0;0;0;0;0;0;0;0;0;0;0;0;0;0;0;0;0;0;0;0;0.9825146241166908;0.9845755939610225;0.9840319821914819
70;1e-05;0.04646148160099983;0.0008889880264177918;1.7158312402898446e-05;0.3859328329563141;0.9848207670120067;0;0;0;0;0;0;0;0;0;0;0;0;0;0;0;0;0;0;0;0;0;0;0;0;0;0;0;0;0;0;0;0;0;0;0;0;0;0;0;0;0;0;0;0;0;0;0;0;0;0;0;0;0;0;0;0;0;0;0;0;0;0;0;0;0;0;0;0;0;0;0;0;0;0;0;0;0;0;0;0;0.9821355948540891;0.9851460401787593;0.9871806660031717
71;1e-05;0.06414923816919327;0.001910579390823841;0.00017786399985197932;0.5439410209655762;0.9848207670120067;0;0;0;0;0;0;0;0;0;0;0;0;0;0;0;0;0;0;0;0;0;0;0;0;0;0;0;0;0;0;0;0;0;0;0;0;0;0;0;0;0;0;0;0;0;0;0;0;0;0;0;0;0;0;0;0;0;0;0;0;0;0;0;0;0;0;0;0;0;0;0;0;0;0;0;0;0;0;0;0;0.9821355948540891;0.9851460401787593;0.9871806660031717
72;1e-05;0.046277813613414764;0.0014943750575184822;5.3537776693701744e-05;0.39418601989746094;0.9848207670120067;0;0;0;0;0;0;0;0;0;0;0;0;0;0;0;0;0;0;0;0;0;0;0;0;0;0;0;0;0;0;0;0;0;0;0;0;0;0;0;0;0;0;0;0;0;0;0;0;0;0;0;0;0;0;0;0;0;0;0;0;0;0;0;0;0;0;0;0;0;0;0;0;0;0;0;0;0;0;0;0;0.9821355948540891;0.9851460401787593;0.9871806660031717
73;1e-05;0.072511687874794;0.0011455293279141188;5.561910438700579e-05;0.5984776020050049;0.9848207670120067;0;0;0;0;0;0;0;0;0;0;0;0;0;0;0;0;0;0;0;0;0;0;0;0;0;0;0;0;0;0;0;0;0;0;0;0;0;0;0;0;0;0;0;0;0;0;0;0;0;0;0;0;0;0;0;0;0;0;0;0;0;0;0;0;0;0;0;0;0;0;0;0;0;0;0;0;0;0;0;0;0.9821355948540891;0.9851460401787593;0.9871806660031717
74;1e-05;0.049597207456827164;0.0009423090959899127;5.9943064115941525e-05;0.41191452741622925;0.9848207670120067;0;0;0;0;0;0;0;0;0;0;0;0;0;0;0;0;0;0;0;0;0;0;0;0;0;0;0;0;0;0;0;0;0;0;0;0;0;0;0;0;0;0;0;0;0;0;0;0;0;0;0;0;0;0;0;0;0;0;0;0;0;0;0;0;0;0;0;0;0;0;0;0;0;0;0;0;0;0;0;0;0.9821355948540891;0.9851460401787593;0.9871806660031717
75;1e-05;0.07946206629276276;0.000826164148747921;0.07831605523824692;0.7272312045097351;0.9848207670120067;0;0;0;0;0;0;0;0;0;0;0;0;0;0;0;0;0;0;0;0;0;0;0;0;0;0;0;0;0;0;0;0;0;0;0;0;0;0;0;0;0;0;0;0;0;0;0;0;0;0;0;0;0;0;0;0;0;0;0;0;0;0;0;0;0;0;0;0;0;0;0;0;0;0;0;0;0;0;0;0;0.9821355948540891;0.9851460401787593;0.9871806660031717
76;1e-05;0.043107885867357254;0.0020342974457889795;0.0003815463569480926;0.37779340147972107;0.9848207670120067;0;0;0;0;0;0;0;0;0;0;0;0;0;0;0;0;0;0;0;0;0;0;0;0;0;0;0;0;0;0;0;0;0;0;0;0;0;0;0;0;0;0;0;0;0;0;0;0;0;0;0;0;0;0;0;0;0;0;0;0;0;0;0;0;0;0;0;0;0;0;0;0;0;0;0;0;0;0;0;0;0.9821355948540891;0.9851460401787593;0.9871806660031717
77;1e-05;0.03851761668920517;0.000903099135030061;1.300715211982606e-05;0.3226035237312317;0.9848207670120067;0;0;0;0;0;0;0;0;0;0;0;0;0;0;0;0;0;0;0;0;0;0;0;0;0;0;0;0;0;0;0;0;0;0;0;0;0;0;0;0;0;0;0;0;0;0;0;0;0;0;0;0;0;0;0;0;0;0;0;0;0;0;0;0;0;0;0;0;0;0;0;0;0;0;0;0;0;0;0;0;0.9821355948540891;0.9851460401787593;0.9871806660031717
78;1e-05;0.04395703971385956;0.0009704114054329693;2.1826250304002315e-05;0.3672047257423401;0.9848207670120067;0;0;0;0;0;0;0;0;0;0;0;0;0;0;0;0;0;0;0;0;0;0;0;0;0;0;0;0;0;0;0;0;0;0;0;0;0;0;0;0;0;0;0;0;0;0;0;0;0;0;0;0;0;0;0;0;0;0;0;0;0;0;0;0;0;0;0;0;0;0;0;0;0;0;0;0;0;0;0;0;0.9821355948540891;0.9851460401787593;0.9871806660031717
79;1e-05;0.07051200419664383;0.0011726290686056018;1.1871774404426105e-05;0.5828699469566345;0.9848207670120067;0;0;0;0;0;0;0;0;0;0;0;0;0;0;0;0;0;0;0;0;0;0;0;0;0;0;0;0;0;0;0;0;0;0;0;0;0;0;0;0;0;0;0;0;0;0;0;0;0;0;0;0;0;0;0;0;0;0;0;0;0;0;0;0;0;0;0;0;0;0;0;0;0;0;0;0;0;0;0;0;0.9821355948540891;0.9851460401787593;0.9871806660031717
80;1e-05;0.09200083464384079;0.0011440181406214833;3.066284625674598e-05;0.7543416023254395;0.9858498822616379;0;0;0;0;0;0;0;0;0;0;0;0;0;0;0;0;0;0;0;0;0;0;0;0;0;0;0;0;0;0;0;0;0;0;0;0;0;0;0;0;0;0;0;0;0;0;0;0;0;0;0;0;0;0;0;0;0;0;0;0;0;0;0;0;0;0;0;0;0;0;0;0;0;0;0;0;0;0;0;0;0.9825250156296556;0.9856269557802718;0.9893976753749861
81;1e-05;0.04046924412250519;0.0009013965609483421;0.00031262222910299897;0.33848893642425537;0.9858498822616379;0;0;0;0;0;0;0;0;0;0;0;0;0;0;0;0;0;0;0;0;0;0;0;0;0;0;0;0;0;0;0;0;0;0;0;0;0;0;0;0;0;0;0;0;0;0;0;0;0;0;0;0;0;0;0;0;0;0;0;0;0;0;0;0;0;0;0;0;0;0;0;0;0;0;0;0;0;0;0;0;0.9825250156296556;0.9856269557802718;0.9893976753749861
82;1e-05;0.03629462793469429;0.000844491645693779;5.4797772463643923e-05;0.30392369627952576;0.9858498822616379;0;0;0;0;0;0;0;0;0;0;0;0;0;0;0;0;0;0;0;0;0;0;0;0;0;0;0;0;0;0;0;0;0;0;0;0;0;0;0;0;0;0;0;0;0;0;0;0;0;0;0;0;0;0;0;0;0;0;0;0;0;0;0;0;0;0;0;0;0;0;0;0;0;0;0;0;0;0;0;0;0.9825250156296556;0.9856269557802718;0.9893976753749861
83;1e-05;0.049793265759944916;0.0012425602180883288;8.187904313672334e-05;0.41830894351005554;0.9858498822616379;0;0;0;0;0;0;0;0;0;0;0;0;0;0;0;0;0;0;0;0;0;0;0;0;0;0;0;0;0;0;0;0;0;0;0;0;0;0;0;0;0;0;0;0;0;0;0;0;0;0;0;0;0;0;0;0;0;0;0;0;0;0;0;0;0;0;0;0;0;0;0;0;0;0;0;0;0;0;0;0;0.9825250156296556;0.9856269557802718;0.9893976753749861
84;1e-05;0.04986480996012688;0.0014915524516254663;3.4809414501069114e-05;0.422818124294281;0.9858498822616379;0;0;0;0;0;0;0;0;0;0;0;0;0;0;0;0;0;0;0;0;0;0;0;0;0;0;0;0;0;0;0;0;0;0;0;0;0;0;0;0;0;0;0;0;0;0;0;0;0;0;0;0;0;0;0;0;0;0;0;0;0;0;0;0;0;0;0;0;0;0;0;0;0;0;0;0;0;0;0;0;0.9825250156296556;0.9856269557802718;0.9893976753749861
85;1e-05;0.062039654701948166;0.0013658904936164618;8.968800102593377e-05;0.518261194229126;0.9858498822616379;0;0;0;0;0;0;0;0;0;0;0;0;0;0;0;0;0;0;0;0;0;0;0;0;0;0;0;0;0;0;0;0;0;0;0;0;0;0;0;0;0;0;0;0;0;0;0;0;0;0;0;0;0;0;0;0;0;0;0;0;0;0;0;0;0;0;0;0;0;0;0;0;0;0;0;0;0;0;0;0;0.9825250156296556;0.9856269557802718;0.9893976753749861
86;1e-05;0.04980278015136719;0.001105895615182817;6.498354196082801e-06;0.41612306237220764;0.9858498822616379;0;0;0;0;0;0;0;0;0;0;0;0;0;0;0;0;0;0;0;0;0;0;0;0;0;0;0;0;0;0;0;0;0;0;0;0;0;0;0;0;0;0;0;0;0;0;0;0;0;0;0;0;0;0;0;0;0;0;0;0;0;0;0;0;0;0;0;0;0;0;0;0;0;0;0;0;0;0;0;0;0.9825250156296556;0.9856269557802718;0.9893976753749861
87;1e-05;0.02779846265912056;0.0008437727228738368;4.1485847759759054e-05;0.23592954874038696;0.9858498822616379;0;0;0;0;0;0;0;0;0;0;0;0;0;0;0;0;0;0;0;0;0;0;0;0;0;0;0;0;0;0;0;0;0;0;0;0;0;0;0;0;0;0;0;0;0;0;0;0;0;0;0;0;0;0;0;0;0;0;0;0;0;0;0;0;0;0;0;0;0;0;0;0;0;0;0;0;0;0;0;0;0.9825250156296556;0.9856269557802718;0.9893976753749861
88;1e-05;0.019359512254595757;0.0006433518719859421;2.18153422792966e-06;0.16517190635204315;0.9858498822616379;0;0;0;0;0;0;0;0;0;0;0;0;0;0;0;0;0;0;0;0;0;0;0;0;0;0;0;0;0;0;0;0;0;0;0;0;0;0;0;0;0;0;0;0;0;0;0;0;0;0;0;0;0;0;0;0;0;0;0;0;0;0;0;0;0;0;0;0;0;0;0;0;0;0;0;0;0;0;0;0;0.9825250156296556;0.9856269557802718;0.9893976753749861
89;1e-05;0.05363823473453522;0.000996697461232543;0.00019081163918599486;0.44524386525154114;0.9858498822616379;0;0;0;0;0;0;0;0;0;0;0;0;0;0;0;0;0;0;0;0;0;0;0;0;0;0;0;0;0;0;0;0;0;0;0;0;0;0;0;0;0;0;0;0;0;0;0;0;0;0;0;0;0;0;0;0;0;0;0;0;0;0;0;0;0;0;0;0;0;0;0;0;0;0;0;0;0;0;0;0;0.9825250156296556;0.9856269557802718;0.9893976753749861
90;1e-05;0.07499361783266068;0.0012655771570280194;8.913633064366877e-05;0.620287299156189;0.9837337894784224;0;0;0;0;0;0;0;0;0;0;0;0;0;0;0;0;0;0;0;0;0;0;0;0;0;0;0;0;0;0;0;0;0;0;0;0;0;0;0;0;0;0;0;0;0;0;0;0;0;0;0;0;0;0;0;0;0;0;0;0;0;0;0;0;0;0;0;0;0;0;0;0;0;0;0;0;0;0;0;0;0.98222192819141;0.982916064924853;0.9860633753190042
91;1e-05;0.03835856541991234;0.0011094128713011742;4.752327367896214e-05;0.3246666491031647;0.9837337894784224;0;0;0;0;0;0;0;0;0;0;0;0;0;0;0;0;0;0;0;0;0;0;0;0;0;0;0;0;0;0;0;0;0;0;0;0;0;0;0;0;0;0;0;0;0;0;0;0;0;0;0;0;0;0;0;0;0;0;0;0;0;0;0;0;0;0;0;0;0;0;0;0;0;0;0;0;0;0;0;0;0.98222192819141;0.982916064924853;0.9860633753190042
92;1e-05;0.043576955795288086;0.0015689635183662176;7.541819650214165e-05;0.3737944960594177;0.9837337894784224;0;0;0;0;0;0;0;0;0;0;0;0;0;0;0;0;0;0;0;0;0;0;0;0;0;0;0;0;0;0;0;0;0;0;0;0;0;0;0;0;0;0;0;0;0;0;0;0;0;0;0;0;0;0;0;0;0;0;0;0;0;0;0;0;0;0;0;0;0;0;0;0;0;0;0;0;0;0;0;0;0.98222192819141;0.982916064924853;0.9860633753190042
93;1e-05;0.042479630559682846;0.001498362049460411;0.00018765409186016768;0.36399850249290466;0.9837337894784224;0;0;0;0;0;0;0;0;0;0;0;0;0;0;0;0;0;0;0;0;0;0;0;0;0;0;0;0;0;0;0;0;0;0;0;0;0;0;0;0;0;0;0;0;0;0;0;0;0;0;0;0;0;0;0;0;0;0;0;0;0;0;0;0;0;0;0;0;0;0;0;0;0;0;0;0;0;0;0;0;0.98222192819141;0.982916064924853;0.9860633753190042
94;1e-05;0.05786050111055374;0.0007503546657972038;1.6212532045756234e-06;0.4748913049697876;0.9837337894784224;0;0;0;0;0;0;0;0;0;0;0;0;0;0;0;0;0;0;0;0;0;0;0;0;0;0;0;0;0;0;0;0;0;0;0;0;0;0;0;0;0;0;0;0;0;0;0;0;0;0;0;0;0;0;0;0;0;0;0;0;0;0;0;0;0;0;0;0;0;0;0;0;0;0;0;0;0;0;0;0;0.98222192819141;0.982916064924853;0.9860633753190042
95;1e-05;0.05303817614912987;0.0009766906732693315;1.818654709495604e-05;0.4399506449699402;0.9837337894784224;0;0;0;0;0;0;0;0;0;0;0;0;0;0;0;0;0;0;0;0;0;0;0;0;0;0;0;0;0;0;0;0;0;0;0;0;0;0;0;0;0;0;0;0;0;0;0;0;0;0;0;0;0;0;0;0;0;0;0;0;0;0;0;0;0;0;0;0;0;0;0;0;0;0;0;0;0;0;0;0;0.98222192819141;0.982916064924853;0.9860633753190042
96;1e-05;0.04680650308728218;0.0007633031927980483;1.6802450772956945e-05;0.3866816759109497;0.9837337894784224;0;0;0;0;0;0;0;0;0;0;0;0;0;0;0;0;0;0;0;0;0;0;0;0;0;0;0;0;0;0;0;0;0;0;0;0;0;0;0;0;0;0;0;0;0;0;0;0;0;0;0;0;0;0;0;0;0;0;0;0;0;0;0;0;0;0;0;0;0;0;0;0;0;0;0;0;0;0;0;0;0.98222192819141;0.982916064924853;0.9860633753190042
97;1e-05;0.04938609153032303;0.0023501827381551266;8.606904157204553e-05;0.4327777326107025;0.9837337894784224;0;0;0;0;0;0;0;0;0;0;0;0;0;0;0;0;0;0;0;0;0;0;0;0;0;0;0;0;0;0;0;0;0;0;0;0;0;0;0;0;0;0;0;0;0;0;0;0;0;0;0;0;0;0;0;0;0;0;0;0;0;0;0;0;0;0;0;0;0;0;0;0;0;0;0;0;0;0;0;0;0.98222192819141;0.982916064924853;0.9860633753190042
98;1e-05;0.06477028131484985;0.0009116279543377459;2.7604883143794723e-05;0.53277587890625;0.9837337894784224;0;0;0;0;0;0;0;0;0;0;0;0;0;0;0;0;0;0;0;0;0;0;0;0;0;0;0;0;0;0;0;0;0;0;0;0;0;0;0;0;0;0;0;0;0;0;0;0;0;0;0;0;0;0;0;0;0;0;0;0;0;0;0;0;0;0;0;0;0;0;0;0;0;0;0;0;0;0;0;0;0.98222192819141;0.982916064924853;0.9860633753190042
99;1e-05;0.051171671599149704;0.0010582495015114546;3.71775749954395e-05;0.42634251713752747;0.9837337894784224;0;0;0;0;0;0;0;0;0;0;0;0;0;0;0;0;0;0;0;0;0;0;0;0;0;0;0;0;0;0;0;0;0;0;0;0;0;0;0;0;0;0;0;0;0;0;0;0;0;0;0;0;0;0;0;0;0;0;0;0;0;0;0;0;0;0;0;0;0;0;0;0;0;0;0;0;0;0;0;0;0.98222192819141;0.982916064924853;0.9860633753190042
100;1.0000000000000002e-06;0.05313163995742798;0.0011908906744793057;6.166697858134285e-05;0.4441690444946289;0.9809576778172137;0;0;0;0;0;0;0;0;0;0;0;0;0;0;0;0;0;0;0;0;0;0;0;0;0;0;0;0;0;0;0;0;0;0;0;0;0;0;0;0;0;0;0;0;0;0;0;0;0;0;0;0;0;0;0;0;0;0;0;0;0;0;0;0;0;0;0;0;0;0;0;0;0;0;0;0;0;0;0;0;0.9726926389292864;0.986360001218731;0.9838203933036226
101;1.0000000000000002e-06;0.042994894087314606;0.0007757068960927427;0.00011816692858701572;0.3564886152744293;0.9809576778172137;0;0;0;0;0;0;0;0;0;0;0;0;0;0;0;0;0;0;0;0;0;0;0;0;0;0;0;0;0;0;0;0;0;0;0;0;0;0;0;0;0;0;0;0;0;0;0;0;0;0;0;0;0;0;0;0;0;0;0;0;0;0;0;0;0;0;0;0;0;0;0;0;0;0;0;0;0;0;0;0;0.9726926389292864;0.986360001218731;0.9838203933036226
102;1.0000000000000002e-06;0.059043414890766144;0.002274600323289633;0.0003282796242274344;0.5090692043304443;0.9809576778172137;0;0;0;0;0;0;0;0;0;0;0;0;0;0;0;0;0;0;0;0;0;0;0;0;0;0;0;0;0;0;0;0;0;0;0;0;0;0;0;0;0;0;0;0;0;0;0;0;0;0;0;0;0;0;0;0;0;0;0;0;0;0;0;0;0;0;0;0;0;0;0;0;0;0;0;0;0;0;0;0;0.9726926389292864;0.986360001218731;0.9838203933036226
103;1.0000000000000002e-06;0.06178366392850876;0.001991181168705225;8.224431076087058e-05;0.5262104868888855;0.9809576778172137;0;0;0;0;0;0;0;0;0;0;0;0;0;0;0;0;0;0;0;0;0;0;0;0;0;0;0;0;0;0;0;0;0;0;0;0;0;0;0;0;0;0;0;0;0;0;0;0;0;0;0;0;0;0;0;0;0;0;0;0;0;0;0;0;0;0;0;0;0;0;0;0;0;0;0;0;0;0;0;0;0.9726926389292864;0.986360001218731;0.9838203933036226
104;1.0000000000000002e-06;0.05711059272289276;0.0009681488154456019;5.8654084568843246e-05;0.47243377566337585;0.9809576778172137;0;0;0;0;0;0;0;0;0;0;0;0;0;0;0;0;0;0;0;0;0;0;0;0;0;0;0;0;0;0;0;0;0;0;0;0;0;0;0;0;0;0;0;0;0;0;0;0;0;0;0;0;0;0;0;0;0;0;0;0;0;0;0;0;0;0;0;0;0;0;0;0;0;0;0;0;0;0;0;0;0.9726926389292864;0.986360001218731;0.9838203933036226
105;1.0000000000000002e-06;0.0453203059732914;0.0012488969368860126;9.326563485956285e-06;0.3825541138648987;0.9809576778172137;0;0;0;0;0;0;0;0;0;0;0;0;0;0;0;0;0;0;0;0;0;0;0;0;0;0;0;0;0;0;0;0;0;0;0;0;0;0;0;0;0;0;0;0;0;0;0;0;0;0;0;0;0;0;0;0;0;0;0;0;0;0;0;0;0;0;0;0;0;0;0;0;0;0;0;0;0;0;0;0;0.9726926389292864;0.986360001218731;0.9838203933036226
106;1.0000000000000002e-06;0.05419854074716568;0.0008503585704602301;3.13297960019554e-06;0.44719719886779785;0.9809576778172137;0;0;0;0;0;0;0;0;0;0;0;0;0;0;0;0;0;0;0;0;0;0;0;0;0;0;0;0;0;0;0;0;0;0;0;0;0;0;0;0;0;0;0;0;0;0;0;0;0;0;0;0;0;0;0;0;0;0;0;0;0;0;0;0;0;0;0;0;0;0;0;0;0;0;0;0;0;0;0;0;0.9726926389292864;0.986360001218731;0.9838203933036226
107;1.0000000000000002e-06;0.04117240011692047;0.001049018814228475;8.360439096577466e-05;0.3462471067905426;0.9809576778172137;0;0;0;0;0;0;0;0;0;0;0;0;0;0;0;0;0;0;0;0;0;0;0;0;0;0;0;0;0;0;0;0;0;0;0;0;0;0;0;0;0;0;0;0;0;0;0;0;0;0;0;0;0;0;0;0;0;0;0;0;0;0;0;0;0;0;0;0;0;0;0;0;0;0;0;0;0;0;0;0;0.9726926389292864;0.986360001218731;0.9838203933036226
108;1.0000000000000002e-06;0.0728638544678688;0.0014902715338394046;0.00020058713562320918;0.6069557666778564;0.9809576778172137;0;0;0;0;0;0;0;0;0;0;0;0;0;0;0;0;0;0;0;0;0;0;0;0;0;0;0;0;0;0;0;0;0;0;0;0;0;0;0;0;0;0;0;0;0;0;0;0;0;0;0;0;0;0;0;0;0;0;0;0;0;0;0;0;0;0;0;0;0;0;0;0;0;0;0;0;0;0;0;0;0.9726926389292864;0.986360001218731;0.9838203933036226
109;1.0000000000000002e-06;0.053833767771720886;0.0010445908410474658;1.1832965356006753e-05;0.4473954141139984;0.9809576778172137;0;0;0;0;0;0;0;0;0;0;0;0;0;0;0;0;0;0;0;0;0;0;0;0;0;0;0;0;0;0;0;0;0;0;0;0;0;0;0;0;0;0;0;0;0;0;0;0;0;0;0;0;0;0;0;0;0;0;0;0;0;0;0;0;0;0;0;0;0;0;0;0;0;0;0;0;0;0;0;0;0.9726926389292864;0.986360001218731;0.9838203933036226
110;1.0000000000000002e-06;0.09086046367883682;0.0007008244865573943;0.0009425572352483869;0.739039421081543;0.9844220752647383;0;0;0;0;0;0;0;0;0;0;0;0;0;0;0;0;0;0;0;0;0;0;0;0;0;0;0;0;0;0;0;0;0;0;0;0;0;0;0;0;0;0;0;0;0;0;0;0;0;0;0;0;0;0;0;0;0;0;0;0;0;0;0;0;0;0;0;0;0;0;0;0;0;0;0;0;0;0;0;0;0.9821161043412602;0.9853348660517226;0.9858152554012314
111;1.0000000000000002e-06;0.0673385038971901;0.0006859101122245193;9.22637918847613e-05;0.5497748851776123;0.9844220752647383;0;0;0;0;0;0;0;0;0;0;0;0;0;0;0;0;0;0;0;0;0;0;0;0;0;0;0;0;0;0;0;0;0;0;0;0;0;0;0;0;0;0;0;0;0;0;0;0;0;0;0;0;0;0;0;0;0;0;0;0;0;0;0;0;0;0;0;0;0;0;0;0;0;0;0;0;0;0;0;0;0.9821161043412602;0.9853348660517226;0.9858152554012314
112;1.0000000000000002e-06;0.046416714787483215;0.0007771339733153582;0.00019645596330519766;0.38396432995796204;0.9844220752647383;0;0;0;0;0;0;0;0;0;0;0;0;0;0;0;0;0;0;0;0;0;0;0;0;0;0;0;0;0;0;0;0;0;0;0;0;0;0;0;0;0;0;0;0;0;0;0;0;0;0;0;0;0;0;0;0;0;0;0;0;0;0;0;0;0;0;0;0;0;0;0;0;0;0;0;0;0;0;0;0;0.9821161043412602;0.9853348660517226;0.9858152554012314
113;1.0000000000000002e-06;0.05551912635564804;0.0012660761130973697;0.00033401534892618656;0.4647442400455475;0.9844220752647383;0;0;0;0;0;0;0;0;0;0;0;0;0;0;0;0;0;0;0;0;0;0;0;0;0;0;0;0;0;0;0;0;0;0;0;0;0;0;0;0;0;0;0;0;0;0;0;0;0;0;0;0;0;0;0;0;0;0;0;0;0;0;0;0;0;0;0;0;0;0;0;0;0;0;0;0;0;0;0;0;0.9821161043412602;0.9853348660517226;0.9858152554012314
114;1.0000000000000002e-06;0.05884820967912674;0.001405053772032261;8.161341611412354e-06;0.4932746887207031;0.9844220752647383;0;0;0;0;0;0;0;0;0;0;0;0;0;0;0;0;0;0;0;0;0;0;0;0;0;0;0;0;0;0;0;0;0;0;0;0;0;0;0;0;0;0;0;0;0;0;0;0;0;0;0;0;0;0;0;0;0;0;0;0;0;0;0;0;0;0;0;0;0;0;0;0;0;0;0;0;0;0;0;0;0.9821161043412602;0.9853348660517226;0.9858152554012314
115;1.0000000000000002e-06;0.046081047505140305;0.0012089305091649294;1.7506725271232426e-05;0.3880087733268738;0.9844220752647383;0;0;0;0;0;0;0;0;0;0;0;0;0;0;0;0;0;0;0;0;0;0;0;0;0;0;0;0;0;0;0;0;0;0;0;0;0;0;0;0;0;0;0;0;0;0;0;0;0;0;0;0;0;0;0;0;0;0;0;0;0;0;0;0;0;0;0;0;0;0;0;0;0;0;0;0;0;0;0;0;0.9821161043412602;0.9853348660517226;0.9858152554012314
116;1.0000000000000002e-06;0.06680164486169815;0.0007932786247693002;9.981534094549716e-05;0.5472054481506348;0.9844220752647383;0;0;0;0;0;0;0;0;0;0;0;0;0;0;0;0;0;0;0;0;0;0;0;0;0;0;0;0;0;0;0;0;0;0;0;0;0;0;0;0;0;0;0;0;0;0;0;0;0;0;0;0;0;0;0;0;0;0;0;0;0;0;0;0;0;0;0;0;0;0;0;0;0;0;0;0;0;0;0;0;0.9821161043412602;0.9853348660517226;0.9858152554012314
117;1.0000000000000002e-06;0.05525936931371689;0.0013418735470622778;3.3719741622917354e-05;0.46357864141464233;0.9844220752647383;0;0;0;0;0;0;0;0;0;0;0;0;0;0;0;0;0;0;0;0;0;0;0;0;0;0;0;0;0;0;0;0;0;0;0;0;0;0;0;0;0;0;0;0;0;0;0;0;0;0;0;0;0;0;0;0;0;0;0;0;0;0;0;0;0;0;0;0;0;0;0;0;0;0;0;0;0;0;0;0;0.9821161043412602;0.9853348660517226;0.9858152554012314
118;1.0000000000000002e-06;0.03746000677347183;0.0009994031861424446;1.1894515409949236e-05;0.31568238139152527;0.9844220752647383;0;0;0;0;0;0;0;0;0;0;0;0;0;0;0;0;0;0;0;0;0;0;0;0;0;0;0;0;0;0;0;0;0;0;0;0;0;0;0;0;0;0;0;0;0;0;0;0;0;0;0;0;0;0;0;0;0;0;0;0;0;0;0;0;0;0;0;0;0;0;0;0;0;0;0;0;0;0;0;0;0.9821161043412602;0.9853348660517226;0.9858152554012314
119;1.0000000000000002e-06;0.05118973180651665;0.0012001583818346262;0.0001011299536912702;0.42882150411605835;0.9844220752647383;0;0;0;0;0;0;0;0;0;0;0;0;0;0;0;0;0;0;0;0;0;0;0;0;0;0;0;0;0;0;0;0;0;0;0;0;0;0;0;0;0;0;0;0;0;0;0;0;0;0;0;0;0;0;0;0;0;0;0;0;0;0;0;0;0;0;0;0;0;0;0;0;0;0;0;0;0;0;0;0;0.9821161043412602;0.9853348660517226;0.9858152554012314
120;1.0000000000000002e-06;0.08143505454063416;0.0019052335992455482;0.0005535433883778751;0.6825177073478699;0.9832182081098497;0;0;0;0;0;0;0;0;0;0;0;0;0;0;0;0;0;0;0;0;0;0;0;0;0;0;0;0;0;0;0;0;0;0;0;0;0;0;0;0;0;0;0;0;0;0;0;0;0;0;0;0;0;0;0;0;0;0;0;0;0;0;0;0;0;0;0;0;0;0;0;0;0;0;0;0;0;0;0;0;0.9821567705178805;0.9852416977024011;0.9822561561092673
121;1.0000000000000002e-06;0.045246418565511703;0.002507553668692708;0.0005977556575089693;0.40268996357917786;0.9832182081098497;0;0;0;0;0;0;0;0;0;0;0;0;0;0;0;0;0;0;0;0;0;0;0;0;0;0;0;0;0;0;0;0;0;0;0;0;0;0;0;0;0;0;0;0;0;0;0;0;0;0;0;0;0;0;0;0;0;0;0;0;0;0;0;0;0;0;0;0;0;0;0;0;0;0;0;0;0;0;0;0;0.9821567705178805;0.9852416977024011;0.9822561561092673
122;1.0000000000000002e-06;0.08288917690515518;0.0017673635156825185;0.00010291537910234183;0.6914941668510437;0.9832182081098497;0;0;0;0;0;0;0;0;0;0;0;0;0;0;0;0;0;0;0;0;0;0;0;0;0;0;0;0;0;0;0;0;0;0;0;0;0;0;0;0;0;0;0;0;0;0;0;0;0;0;0;0;0;0;0;0;0;0;0;0;0;0;0;0;0;0;0;0;0;0;0;0;0;0;0;0;0;0;0;0;0.9821567705178805;0.9852416977024011;0.9822561561092673
123;1.0000000000000002e-06;0.060603559017181396;0.0020062385592609644;0.0028729173354804516;0.5198012590408325;0.9832182081098497;0;0;0;0;0;0;0;0;0;0;0;0;0;0;0;0;0;0;0;0;0;0;0;0;0;0;0;0;0;0;0;0;0;0;0;0;0;0;0;0;0;0;0;0;0;0;0;0;0;0;0;0;0;0;0;0;0;0;0;0;0;0;0;0;0;0;0;0;0;0;0;0;0;0;0;0;0;0;0;0;0.9821567705178805;0.9852416977024011;0.9822561561092673
124;1.0000000000000002e-06;0.05049481242895126;0.0011471976758912206;1.755471203068737e-05;0.42233121395111084;0.9832182081098497;0;0;0;0;0;0;0;0;0;0;0;0;0;0;0;0;0;0;0;0;0;0;0;0;0;0;0;0;0;0;0;0;0;0;0;0;0;0;0;0;0;0;0;0;0;0;0;0;0;0;0;0;0;0;0;0;0;0;0;0;0;0;0;0;0;0;0;0;0;0;0;0;0;0;0;0;0;0;0;0;0.9821567705178805;0.9852416977024011;0.9822561561092673
125;1.0000000000000002e-06;0.05367797240614891;0.0011897446820512414;2.5620653104851954e-05;0.4484853148460388;0.9832182081098497;0;0;0;0;0;0;0;0;0;0;0;0;0;0;0;0;0;0;0;0;0;0;0;0;0;0;0;0;0;0;0;0;0;0;0;0;0;0;0;0;0;0;0;0;0;0;0;0;0;0;0;0;0;0;0;0;0;0;0;0;0;0;0;0;0;0;0;0;0;0;0;0;0;0;0;0;0;0;0;0;0.9821567705178805;0.9852416977024011;0.9822561561092673
126;1.0000000000000002e-06;0.04470605403184891;0.0011662422912195325;1.1573491974559147e-05;0.37631988525390625;0.9832182081098497;0;0;0;0;0;0;0;0;0;0;0;0;0;0;0;0;0;0;0;0;0;0;0;0;0;0;0;0;0;0;0;0;0;0;0;0;0;0;0;0;0;0;0;0;0;0;0;0;0;0;0;0;0;0;0;0;0;0;0;0;0;0;0;0;0;0;0;0;0;0;0;0;0;0;0;0;0;0;0;0;0.9821567705178805;0.9852416977024011;0.9822561561092673
127;1.0000000000000002e-06;0.05475271865725517;0.000910829403437674;4.699558485299349e-05;0.452642023563385;0.9832182081098497;0;0;0;0;0;0;0;0;0;0;0;0;0;0;0;0;0;0;0;0;0;0;0;0;0;0;0;0;0;0;0;0;0;0;0;0;0;0;0;0;0;0;0;0;0;0;0;0;0;0;0;0;0;0;0;0;0;0;0;0;0;0;0;0;0;0;0;0;0;0;0;0;0;0;0;0;0;0;0;0;0.9821567705178805;0.9852416977024011;0.9822561561092673
128;1.0000000000000002e-06;0.044678106904029846;0.0010567223653197289;4.378630910650827e-05;0.37437620759010315;0.9832182081098497;0;0;0;0;0;0;0;0;0;0;0;0;0;0;0;0;0;0;0;0;0;0;0;0;0;0;0;0;0;0;0;0;0;0;0;0;0;0;0;0;0;0;0;0;0;0;0;0;0;0;0;0;0;0;0;0;0;0;0;0;0;0;0;0;0;0;0;0;0;0;0;0;0;0;0;0;0;0;0;0;0.9821567705178805;0.9852416977024011;0.9822561561092673
129;1.0000000000000002e-06;0.0440361425280571;0.001046923454850912;5.030693500884809e-06;0.3690449595451355;0.9832182081098497;0;0;0;0;0;0;0;0;0;0;0;0;0;0;0;0;0;0;0;0;0;0;0;0;0;0;0;0;0;0;0;0;0;0;0;0;0;0;0;0;0;0;0;0;0;0;0;0;0;0;0;0;0;0;0;0;0;0;0;0;0;0;0;0;0;0;0;0;0;0;0;0;0;0;0;0;0;0;0;0;0.9821567705178805;0.9852416977024011;0.9822561561092673
130;1.0000000000000002e-06;0.036364246159791946;0.0009434006060473621;6.781244337616954e-06;0.30601516366004944;0.9844450258508189;0;0;0;0;0;0;0;0;0;0;0;0;0;0;0;0;0;0;0;0;0;0;0;0;0;0;0;0;0;0;0;0;0;0;0;0;0;0;0;0;0;0;0;0;0;0;0;0;0;0;0;0;0;0;0;0;0;0;0;0;0;0;0;0;0;0;0;0;0;0;0;0;0;0;0;0;0;0;0;0;0.9818282698108135;0.9856315588498561;0.9858752488917869
131;1.0000000000000002e-06;0.038283124566078186;0.0008355433819815516;0.0012598399771377444;0.3208935260772705;0.9844450258508189;0;0;0;0;0;0;0;0;0;0;0;0;0;0;0;0;0;0;0;0;0;0;0;0;0;0;0;0;0;0;0;0;0;0;0;0;0;0;0;0;0;0;0;0;0;0;0;0;0;0;0;0;0;0;0;0;0;0;0;0;0;0;0;0;0;0;0;0;0;0;0;0;0;0;0;0;0;0;0;0;0.9818282698108135;0.9856315588498561;0.9858752488917869
132;1.0000000000000002e-06;0.03641210496425629;0.003206862835213542;2.508306897652801e-05;0.3426317274570465;0.9844450258508189;0;0;0;0;0;0;0;0;0;0;0;0;0;0;0;0;0;0;0;0;0;0;0;0;0;0;0;0;0;0;0;0;0;0;0;0;0;0;0;0;0;0;0;0;0;0;0;0;0;0;0;0;0;0;0;0;0;0;0;0;0;0;0;0;0;0;0;0;0;0;0;0;0;0;0;0;0;0;0;0;0.9818282698108135;0.9856315588498561;0.9858752488917869
133;1.0000000000000002e-06;0.031802985817193985;0.0010381632018834352;1.4936271099941223e-06;0.2710359990596771;0.9844450258508189;0;0;0;0;0;0;0;0;0;0;0;0;0;0;0;0;0;0;0;0;0;0;0;0;0;0;0;0;0;0;0;0;0;0;0;0;0;0;0;0;0;0;0;0;0;0;0;0;0;0;0;0;0;0;0;0;0;0;0;0;0;0;0;0;0;0;0;0;0;0;0;0;0;0;0;0;0;0;0;0;0.9818282698108135;0.9856315588498561;0.9858752488917869
134;1.0000000000000002e-06;0.060415904968976974;0.0014347030082717538;0.00015974437701515853;0.5064422488212585;0.9844450258508189;0;0;0;0;0;0;0;0;0;0;0;0;0;0;0;0;0;0;0;0;0;0;0;0;0;0;0;0;0;0;0;0;0;0;0;0;0;0;0;0;0;0;0;0;0;0;0;0;0;0;0;0;0;0;0;0;0;0;0;0;0;0;0;0;0;0;0;0;0;0;0;0;0;0;0;0;0;0;0;0;0.9818282698108135;0.9856315588498561;0.9858752488917869
135;1.0000000000000002e-06;0.06035410612821579;0.0013847629306837916;3.402302536414936e-05;0.5050230622291565;0.9844450258508189;0;0;0;0;0;0;0;0;0;0;0;0;0;0;0;0;0;0;0;0;0;0;0;0;0;0;0;0;0;0;0;0;0;0;0;0;0;0;0;0;0;0;0;0;0;0;0;0;0;0;0;0;0;0;0;0;0;0;0;0;0;0;0;0;0;0;0;0;0;0;0;0;0;0;0;0;0;0;0;0;0.9818282698108135;0.9856315588498561;0.9858752488917869
136;1.0000000000000002e-06;0.04581413045525551;0.0008629225194454193;5.769151357526425e-06;0.380325585603714;0.9844450258508189;0;0;0;0;0;0;0;0;0;0;0;0;0;0;0;0;0;0;0;0;0;0;0;0;0;0;0;0;0;0;0;0;0;0;0;0;0;0;0;0;0;0;0;0;0;0;0;0;0;0;0;0;0;0;0;0;0;0;0;0;0;0;0;0;0;0;0;0;0;0;0;0;0;0;0;0;0;0;0;0;0.9818282698108135;0.9856315588498561;0.9858752488917869
137;1.0000000000000002e-06;0.06333114206790924;0.0010467873653396964;2.853777914424427e-05;0.5234262943267822;0.9844450258508189;0;0;0;0;0;0;0;0;0;0;0;0;0;0;0;0;0;0;0;0;0;0;0;0;0;0;0;0;0;0;0;0;0;0;0;0;0;0;0;0;0;0;0;0;0;0;0;0;0;0;0;0;0;0;0;0;0;0;0;0;0;0;0;0;0;0;0;0;0;0;0;0;0;0;0;0;0;0;0;0;0.9818282698108135;0.9856315588498561;0.9858752488917869
138;1.0000000000000002e-06;0.03359926864504814;0.0022181805688887835;0.004140664357692003;0.3084257245063782;0.9844450258508189;0;0;0;0;0;0;0;0;0;0;0;0;0;0;0;0;0;0;0;0;0;0;0;0;0;0;0;0;0;0;0;0;0;0;0;0;0;0;0;0;0;0;0;0;0;0;0;0;0;0;0;0;0;0;0;0;0;0;0;0;0;0;0;0;0;0;0;0;0;0;0;0;0;0;0;0;0;0;0;0;0.9818282698108135;0.9856315588498561;0.9858752488917869
139;1.0000000000000002e-06;0.060415636748075485;0.0024487716145813465;0.0005382607923820615;0.5230437517166138;0.9844450258508189;0;0;0;0;0;0;0;0;0;0;0;0;0;0;0;0;0;0;0;0;0;0;0;0;0;0;0;0;0;0;0;0;0;0;0;0;0;0;0;0;0;0;0;0;0;0;0;0;0;0;0;0;0;0;0;0;0;0;0;0;0;0;0;0;0;0;0;0;0;0;0;0;0;0;0;0;0;0;0;0;0.9818282698108135;0.9856315588498561;0.9858752488917869
140;1.0000000000000002e-06;0.035691529512405396;0.0014096384402364492;6.3040124587132595e-06;0.30809277296066284;0.9846328519568588;0;0;0;0;0;0;0;0;0;0;0;0;0;0;0;0;0;0;0;0;0;0;0;0;0;0;0;0;0;0;0;0;0;0;0;0;0;0;0;0;0;0;0;0;0;0;0;0;0;0;0;0;0;0;0;0;0;0;0;0;0;0;0;0;0;0;0;0;0;0;0;0;0;0;0;0;0;0;0;0;0.982722782444736;0.9848177611442617;0.986358012281579
141;1.0000000000000002e-06;0.06317257881164551;0.0019115344621241093;0.00016529165441170335;0.5361304879188538;0.9846328519568588;0;0;0;0;0;0;0;0;0;0;0;0;0;0;0;0;0;0;0;0;0;0;0;0;0;0;0;0;0;0;0;0;0;0;0;0;0;0;0;0;0;0;0;0;0;0;0;0;0;0;0;0;0;0;0;0;0;0;0;0;0;0;0;0;0;0;0;0;0;0;0;0;0;0;0;0;0;0;0;0;0.982722782444736;0.9848177611442617;0.986358012281579
142;1.0000000000000002e-06;0.07440866529941559;0.0038505075499415398;0.0006482742610387504;0.6575257182121277;0.9846328519568588;0;0;0;0;0;0;0;0;0;0;0;0;0;0;0;0;0;0;0;0;0;0;0;0;0;0;0;0;0;0;0;0;0;0;0;0;0;0;0;0;0;0;0;0;0;0;0;0;0;0;0;0;0;0;0;0;0;0;0;0;0;0;0;0;0;0;0;0;0;0;0;0;0;0;0;0;0;0;0;0;0.982722782444736;0.9848177611442617;0.986358012281579
143;1.0000000000000002e-06;0.04468141868710518;0.0011118773836642504;0.0013592003379017115;0.37660059332847595;0.9846328519568588;0;0;0;0;0;0;0;0;0;0;0;0;0;0;0;0;0;0;0;0;0;0;0;0;0;0;0;0;0;0;0;0;0;0;0;0;0;0;0;0;0;0;0;0;0;0;0;0;0;0;0;0;0;0;0;0;0;0;0;0;0;0;0;0;0;0;0;0;0;0;0;0;0;0;0;0;0;0;0;0;0.982722782444736;0.9848177611442617;0.986358012281579
144;1.0000000000000002e-06;0.06917758285999298;0.0006499986629933119;3.303123958176002e-05;0.5638536810874939;0.9846328519568588;0;0;0;0;0;0;0;0;0;0;0;0;0;0;0;0;0;0;0;0;0;0;0;0;0;0;0;0;0;0;0;0;0;0;0;0;0;0;0;0;0;0;0;0;0;0;0;0;0;0;0;0;0;0;0;0;0;0;0;0;0;0;0;0;0;0;0;0;0;0;0;0;0;0;0;0;0;0;0;0;0.982722782444736;0.9848177611442617;0.986358012281579
145;1.0000000000000002e-06;0.06590807437896729;0.0014570545172318816;0.0001902088988572359;0.5507676601409912;0.9846328519568588;0;0;0;0;0;0;0;0;0;0;0;0;0;0;0;0;0;0;0;0;0;0;0;0;0;0;0;0;0;0;0;0;0;0;0;0;0;0;0;0;0;0;0;0;0;0;0;0;0;0;0;0;0;0;0;0;0;0;0;0;0;0;0;0;0;0;0;0;0;0;0;0;0;0;0;0;0;0;0;0;0.982722782444736;0.9848177611442617;0.986358012281579
146;1.0000000000000002e-06;0.04524984210729599;0.0012730740709230304;2.3204516764963046e-05;0.3823911249637604;0.9846328519568588;0;0;0;0;0;0;0;0;0;0;0;0;0;0;0;0;0;0;0;0;0;0;0;0;0;0;0;0;0;0;0;0;0;0;0;0;0;0;0;0;0;0;0;0;0;0;0;0;0;0;0;0;0;0;0;0;0;0;0;0;0;0;0;0;0;0;0;0;0;0;0;0;0;0;0;0;0;0;0;0;0.982722782444736;0.9848177611442617;0.986358012281579
147;1.0000000000000002e-06;0.042158279567956924;0.001132641569711268;6.499206938315183e-05;0.3554534912109375;0.9846328519568588;0;0;0;0;0;0;0;0;0;0;0;0;0;0;0;0;0;0;0;0;0;0;0;0;0;0;0;0;0;0;0;0;0;0;0;0;0;0;0;0;0;0;0;0;0;0;0;0;0;0;0;0;0;0;0;0;0;0;0;0;0;0;0;0;0;0;0;0;0;0;0;0;0;0;0;0;0;0;0;0;0.982722782444736;0.9848177611442617;0.986358012281579
148;1.0000000000000002e-06;0.060401689261198044;0.0009027932537719607;1.7304104403592646e-05;0.49767550826072693;0.9846328519568588;0;0;0;0;0;0;0;0;0;0;0;0;0;0;0;0;0;0;0;0;0;0;0;0;0;0;0;0;0;0;0;0;0;0;0;0;0;0;0;0;0;0;0;0;0;0;0;0;0;0;0;0;0;0;0;0;0;0;0;0;0;0;0;0;0;0;0;0;0;0;0;0;0;0;0;0;0;0;0;0;0.982722782444736;0.9848177611442617;0.986358012281579
149;1.0000000000000002e-06;0.05511166900396347;0.0009529502131044865;2.7239802875556052e-05;0.4561677873134613;0.9846328519568588;0;0;0;0;0;0;0;0;0;0;0;0;0;0;0;0;0;0;0;0;0;0;0;0;0;0;0;0;0;0;0;0;0;0;0;0;0;0;0;0;0;0;0;0;0;0;0;0;0;0;0;0;0;0;0;0;0;0;0;0;0;0;0;0;0;0;0;0;0;0;0;0;0;0;0;0;0;0;0;0;0.982722782444736;0.9848177611442617;0.986358012281579
150;1.0000000000000002e-07;0.04021790996193886;0.001020647818222642;6.610772834392264e-05;0.33813974261283875;0.9850941709581884;0;0;0;0;0;0;0;0;0;0;0;0;0;0;0;0;0;0;0;0;0;0;0;0;0;0;0;0;0;0;0;0;0;0;0;0;0;0;0;0;0;0;0;0;0;0;0;0;0;0;0;0;0;0;0;0;0;0;0;0;0;0;0;0;0;0;0;0;0;0;0;0;0;0;0;0;0;0;0;0;0.9821582658075235;0.9869183938197653;0.9862058532472764
